ID,Name,Type,createdAt,createdBy,modifiedAt,modifiedBy
1144965a-2cee-41e4-9d8d-b41c27a8d18e,Name-1144965,Type-1144965,2019-03-31T18:30:00.000Z,createdBy.ojgl@example.net,2021-01-26T18:30:00.000Z,modifiedBy.ojgl@example.net
1144966a-c4c4-4208-b276-d1f2b2c6d8e6,Name-1144966,Type-1144966,2023-01-26T18:30:00.000Z,createdBy.ojgm@example.com,2007-08-05T18:30:00.000Z,modifiedBy.ojgm@example.com
11449679-0d45-46a2-977d-60162dc831cd,Name-1144967,Type-1144967,2007-03-08T18:30:00.000Z,createdBy.ojgn@example.org,2014-08-03T18:30:00.000Z,modifiedBy.ojgn@example.net
11449687-c3b2-4ef2-83ff-ec4943395a9e,Name-1144968,Type-1144968,2022-02-22T18:30:00.000Z,createdBy.ojgo@example.org,2014-06-09T18:30:00.000Z,modifiedBy.ojgo@example.net
1144969a-fb84-41c4-a2f8-8436f5b84b7a,Name-1144969,Type-1144969,2010-02-02T18:30:00.000Z,createdBy.ojgp@example.com,2008-11-08T18:30:00.000Z,modifiedBy.ojgp@example.org
11449703-6a13-49dd-bf21-1e5aa53878a3,Name-1144970,Type-1144970,2014-08-21T18:30:00.000Z,createdBy.ojgq@example.com,2023-04-21T18:30:00.000Z,modifiedBy.ojgq@example.com
1144971a-40cd-43d8-9226-d38fe18b96b9,Name-1144971,Type-1144971,2017-07-28T18:30:00.000Z,createdBy.ojgr@example.com,2000-06-01T18:30:00.000Z,modifiedBy.ojgr@example.org
11449726-1ca5-4871-8f0f-88d7e648feb3,Name-1144972,Type-1144972,2010-12-19T18:30:00.000Z,createdBy.ojgs@example.net,2020-11-05T18:30:00.000Z,modifiedBy.ojgs@example.org
1144973b-a9ec-4864-a451-86926efd0c54,Name-1144973,Type-1144973,2006-03-23T18:30:00.000Z,createdBy.ojgt@example.net,2017-09-07T18:30:00.000Z,modifiedBy.ojgt@example.org
11449740-b5e1-4aa0-9c84-6f0915e45e7d,Name-1144974,Type-1144974,2023-05-22T18:30:00.000Z,createdBy.ojgu@example.com,2022-08-29T18:30:00.000Z,modifiedBy.ojgu@example.org